,Name,coeff,Salary
0,LeBron James,1.8367172489793777,113794900.0
1,Manu Ginobili,1.75298051517827,57383568.0
2,Kyle Korver,1.7353502491185524,33760563.0
3,Kevin Durant,1.5928733633743541,96379794.0
4,Stephen Curry,1.435763399103174,41877343.0
5,Jae Crowder,1.416322274336038,13651084.5
6,Nick Collison,1.2911011604700378,27706336.0
7,Paul Millsap,1.2137435789757363,62478925.0
8,Chris Paul,1.177409803582355,110174078.0
9,Kawhi Leonard,1.171890362533733,29770894.8
10,James Harden,1.04791724306535,58916229.0
11,Vince Carter,1.0401741837190108,34792375.0
12,Dirk Nowitzki,1.0163623416149754,96307816.0
13,Danny Green,1.0127514607511467,22271911.0
14,Russell Westbrook,1.0015366585315777,70951228.0
15,Kelly Olynyk,0.9995713940684262,12454560.0
16,Amir Johnson,0.986949677932293,42550000.0
17,Draymond Green,0.9626320413598848,25352419.5
18,Isaiah Thomas,0.9449061510081356,19872189.6
19,Klay Thompson,0.9226017635168773,30292176.0
20,Tony Parker,0.9041990014929481,76937500.0
21,Chandler Parsons,0.8985788989163068,39271500.0
22,Andre Iguodala,0.8761618072488218,78900382.0
23,Mike Conley,0.8525822552326915,45913077.0
24,C.J. Watson,0.846772176961653,17085680.0
25,Ty Lawson,0.8337578823687454,28339296.0
26,Devin Harris,0.8243137643893482,35616635.0
27,Thabo Sefolosha,0.814098705294111,22500000.0
28,Kyle Lowry,0.7908867730622806,47460000.0
29,Tiago Splitter,0.7790315377064227,40294250.0
30,David West,0.7743238229211932,53786687.0
31,Chris Bosh,0.7728104565235534,113017130.0
32,Matt Bonner,0.7557130501111924,16117519.0
33,Dwight Howard,0.7545131837081541,118857315.6
34,JJ Redick,0.7429547847756507,41127500.0
35,Joe Johnson,0.7349119182747136,99025120.0
36,Matthew Dellavedova,0.7339218435115822,4907876.0
37,Mario Chalmers,0.7332956255690467,21154389.0
38,Paul Pierce,0.7328941239913507,70014334.0
39,Ryan Anderson,0.7189243216873569,37653641.0
40,Jamal Crawford,0.691665539449497,37375000.0
41,Derek Fisher,0.690171407429396,12581776.0
42,Blake Griffin,0.6820135768432293,77813449.0
43,Danilo Gallinari,0.6695558099958006,51935517.0
44,Kevin Garnett,0.64131917211021,84579088.0
45,CJ Miles,0.6270284738307841,20449225.0
46,Khris Middleton,0.6175613356288808,25316578.5
47,Anthony Morrow,0.6113937741770724,19571424.0
48,LaMarcus Aldridge,0.6017253286891923,89317000.0
49,Kevin Love,0.5941510410108948,72018700.0
50,Jrue Holiday,0.574095737918799,37191110.0
51,Tim Duncan,0.5622145521775488,75611446.0
52,Tony Allen,0.5531545477587105,23934383.0
53,Zach Randolph,0.552787068398179,93743554.0
54,Serge Ibaka,0.523961712312967,51792400.0
55,Kenyon Martin,0.5197505953497975,24618211.2
56,Steve Novak,0.5181750937974627,12706293.0
57,Francisco Garcia,0.510435974482379,23857464.0
58,Reggie Jackson,0.5049798362708675,23753343.6
59,Pau Gasol,0.5037628376205577,89685610.0
60,Jason Terry,0.49288206886560515,38453902.0
61,Roger Mason Jr.,0.48785963735783194,6217556.0
62,Damian Lillard,0.4805084267456807,20767750.5
63,Luol Deng,0.4750929389119431,72086073.0
64,Andrew Bogut,0.4592813057088246,76772973.0
65,Jeremy Lamb,0.45287155499993414,14188014.0
66,Andre Miller,0.4479768472188408,29977742.0
67,Marc Gasol,0.44383255469306776,80765097.0
68,Mike James,0.4381544909296151,10434942.0
69,Iman Shumpert,0.43060910688646287,19807272.0
70,Ivan Johnson,0.42937081921011055,4702084.0
71,Otto Porter Jr.,0.42724495487279135,26534160.0
72,Jameer Nelson,0.4138438284295703,38492400.0
73,Ekpe Udoh,0.4106213210960766,18323605.2
74,Nick Calathes,0.40953832522358075,3919986.0
75,Raymond Felton,0.40390945433730535,29421532.0
76,Jimmy Butler,0.40131906679353063,25995561.6
77,Ricky Rubio,0.3940012649599301,33912092.4
78,Jeff Teague,0.38844814996996146,29489837.0
79,Dwyane Wade,0.37960517102388647,102237000.0
80,Nate Robinson,0.371378972863629,8910828.0
81,Jason Kidd,0.35796256332747733,43643000.0
82,Tracy McGrady,0.3379459964811493,5126334.0
83,Lamar Odom,0.33667400914870615,27835083.0
84,Ray McCallum,0.33598441036650806,4023294.0
85,Brandan Wright,0.3349962844665372,20770604.0
86,Eddie House,0.3317815740547501,8302390.0
87,Kurt Thomas,0.331582710855583,9008724.0
88,Eric Maynor,0.3266695444916485,9900960.0
89,Kenneth Faried,0.3239490840504913,20903187.6
90,Gerald Green,0.31923295122610434,14232826.8
91,Shane Battier,0.3153322283303214,25544250.0
92,Ronnie Brewer,0.3134484122689335,14081360.4
93,Corey Brewer,0.31244127024782076,28108875.0
94,CJ McCollum,0.3105768260836069,14525760.0
95,Rodney Hood,0.309143763385197,7916400.0
96,Nazr Mohammed,0.3052519815457838,13540517.0
97,Marcus Smart,0.3034348803849825,20143080.0
98,Patrick Beverley,0.30304347303947404,9419185.0
99,Jusuf Nurkic,0.29731857366601855,10814040.0
100,Shawne Williams,0.295167296253503,12528561.0
101,John Salmons,0.2905341548590175,40498800.0
102,Deron Williams,0.284354676119012,92077322.0
103,Chris Copeland,0.2821145707526617,11637906.0
104,Joakim Noah,0.2796567305264267,63428536.0
105,Carmelo Anthony,0.2762255817697679,121834674.0
106,Larry Sanders,0.2729433781756274,23566809.6
107,Andrew Nicholson,0.27258770540919164,10335649.5
108,Markieff Morris,0.27146683611296446,20614174.8
109,Ronnie Price,0.26923909544891245,6293394.0
110,Quincy Pondexter,0.26675777919248705,12214970.0
111,Keyon Dooling,0.2653354882688701,8803574.0
112,Jerry Stackhouse,0.2619423482451047,5126334.0
113,Chauncey Billups,0.2603188016530558,35300064.0
114,Jeff Ayres,0.25731178368910823,7452389.0
115,Jon Brockman,0.2537146336395004,6000000.0
116,Nikola Mirotic,0.2532637224505402,32546175.0
117,Daequan Cook,0.24490778932858878,12048096.0
118,Jordan Williams,0.24118106614112747,3707397.0
119,Rodrigue Beaubois,0.23856429521413297,9240266.0
120,DeMarre Carroll,0.238381918628575,21455640.0
121,Mickael Pietrus,0.23752060644449113,13705956.0
122,Josh Smith,0.23416099724594142,53824276.0
123,Julian Wright,0.2328187401300694,17148342.0
124,Alan Anderson,0.2301930613447501,8750344.8
125,Elijah Millsap,0.22905982568675098,3260370.0
126,JaMychal Green,0.22343372736250355,2938062.0
127,George Hill,0.2222039454136153,34394882.0
128,Mirza Teletovic,0.22100393916564343,22780725.0
129,Nikola Pekovic,0.22048569470335308,49915800.0
130,Terrence Ross,0.2202350537229628,17384755.5
131,Evan Fournier,0.21845951959009788,9834367.5
132,Mason Plumlee,0.21598626236600074,8142480.0
133,Nenad Krstic,0.21563300569689128,33258696.0
134,John Jenkins,0.21521738900200676,7136442.0
135,Tobias Harris,0.2148201647782356,27468520.8
136,DeMar DeRozan,0.21478274434530298,38792380.0
137,Wesley Matthews,0.21387048899683414,49304260.0
138,Al Harrington,0.21349730400118525,38279600.0
139,Quinton Ross,0.21276048796163133,6200052.0
140,Patty Mills,0.21160855847525054,10790834.0
141,Zydrunas Ilgauskas,0.20970537068481965,8302390.0
142,JR Smith,0.2069284801338175,28983522.0
143,Mike Dunleavy,0.20676325810422383,28504219.0
144,Cartier Martin,0.20399030079258618,4429277.0
145,Paul George,0.19943633032473101,43558119.0
146,Dante Exum,0.19900944152754843,22178160.0
147,Jared Jeffries,0.19847806684718614,5101262.0
148,Pero Antic,0.1981114686507308,7350000.0
149,Steve Blake,0.19797187338501387,20247465.0
150,Brian Cook,0.1920478290192523,6447784.0
151,Cory Jefferson,0.18933562918870195,1671135.0
152,Elfrid Payton,0.18830776584490863,14710680.0
153,Mike Bibby,0.1873503985909386,3849776.0
154,Dwight Powell,0.18724915019927377,4057185.0
155,James Singleton,0.18492543827796257,2666718.0
156,DeAndre Jordan,0.17978732123738306,64036016.0
157,Phil Pressey,0.17851772438141222,2724768.0
158,Troy Murphy,0.175826457183306,3819622.0
159,Jason Collins,0.17444226743925723,4258287.0
160,Garrett Temple,0.17250927619011402,4011678.0
161,Nikola Jokic,0.17058608648392018,7800000.0
162,Henry Walker,0.16875175445188445,4705737.6
163,Ray Allen,0.16647978613553305,39687150.0
164,Donte Greene,0.16534654426517056,8581056.0
165,Kostas Papanikolaou,0.16340273598096844,16793955.0
166,Jamaal Tinsley,0.1589935783521108,8113086.0
167,David Lee,0.15871624521775984,66129671.0
168,Nate Wolters,0.15800536146682717,3949446.0
169,Carlos Arroyo,0.15735639676128846,1176042.0
170,Boris Diaw,0.15678344047750892,33443658.0
171,Boban Marjanovic,0.15488950901098672,7200000.0
172,Chuck Hayes,0.1538957462508305,25573526.0
173,Toney Douglas,0.1501588110334555,7157054.0
174,Jeff Withey,0.1486927999650549,4507876.0
175,Emmanuel Mudiay,0.14727261100515193,18613440.0
176,Tyson Chandler,0.14600770093225832,81259451.0
177,Jeff Foster,0.1433907129013447,25310000.0
178,Quincy Miller,0.14292823620306896,3640309.5
179,Ryan Hollins,0.1425909866932829,5504815.0
180,Robbie Hummel,0.14200050761717395,4110540.0
181,Jabari Parker,0.14097256742673064,30249000.0
182,Arron Afflalo,0.14089155272043336,40459577.0
183,Marvin Williams,0.1396202960539745,44550000.0
184,Clint Capela,0.1364481406845474,7295760.0
185,Anthony Randolph,0.1356954467896836,12152341.2
186,Cleanthony Early,0.13560151307871096,4057185.0
187,Donatas Motiejunas,0.13048863599473198,9834367.5
188,Omer Asik,0.12723240449202522,37915921.0
189,Peja Stojakovic,0.1265688101085811,2412390.0
190,Anthony Tolliver,0.12396403694422314,11988682.0
191,Landry Fields,0.12293557769089429,23982958.8
192,Chris Babb,0.12280313536379475,3683220.0
193,Kevin Jones,0.12224215677604597,2340162.0
194,Patrick Patterson,0.12095699095910158,21085303.0
195,Hamed Haddadi,0.11948337903370852,8400000.0
196,DeQuan Jones,0.11885906800077699,2841624.0
197,Derrick Rose,0.11823489802509235,86761184.0
198,Ish Smith,0.11742684754924468,4667161.0
199,Chris Quinn,0.11566152223570388,3555204.0
200,Miles Plumlee,0.1137922394872322,8210961.0
201,Jarnell Stokes,0.11328762624518121,4710177.0
202,Rasual Butler,0.11316154077229246,4666674.0
203,Darrell Arthur,0.11228536967627893,15659848.0
204,Jimmer Fredette,0.11085005990152176,8048926.8
205,Tyler Ennis,0.10926481649527867,9759240.0
206,Melvin Ely,0.1074294732679453,4691716.8
207,Sean Williams,0.10721216073167907,5037258.0
208,Arnett Moultrie,0.10487352275283336,6535440.0
209,Pablo Prigioni,0.10216750461790856,7013461.5
210,Rodney Stuckey,0.10035897061093191,36182369.0
211,Raul Neto,0.09564155320975874,5400000.0
212,Kobe Bryant,0.0950005426110992,159458353.0
213,Kentavious Caldwell-Pope,0.09399612307485976,16634640.0
214,Eric Moreland,0.09394092739599694,4057185.0
215,Jordan Adams,0.09376953712751143,8246160.0
216,Lou Williams,0.09255826125236245,32851000.0
217,Montrezl Harrell,0.09129446346363185,6000000.0
218,Kosta Koufos,0.09033855108597091,20202432.0
219,Avery Bradley,0.08930193643488984,22006220.0
220,Vitor Faverani,0.08719118195365055,12270000.0
221,Pat Connaughton,0.08689230401765519,3750558.0
222,James Young,0.08663766240487916,10272960.0
223,Alexis Ajinca,0.08660478512469488,10410091.0
224,Vladimir Radmanovic,0.08607585039871062,17185156.0
225,Dwight Buycks,0.08584342476307061,4549446.0
226,Rashad Vaughn,0.08461367522010613,10398240.0
227,Joel Anthony,0.08353399783252528,20900000.0
228,Jason Williams,0.08103816783864043,3149784.0
229,Damien Inglis,0.07996104419639367,5025000.0
230,Brandon Roy,0.07642579001460059,67471788.0
231,Rudy Gobert,0.07601785279727145,6764160.0
232,Kendrick Perkins,0.07573074974428878,32247069.0
233,Marquis Teague,0.07537121769498353,6540720.0
234,Darnell Jackson,0.07507329037434661,5126334.0
235,Jeremy Lin,0.0745594602443108,28498737.0
236,Brad Miller,0.07370157288834386,28512000.0
237,Luke Walton,0.07322849315974532,34645452.0
238,Quentin Richardson,0.07291944347473248,14677200.0
239,Brook Lopez,0.07285203086603025,69261021.0
240,Langston Galloway,0.07125785999004627,3242463.0
241,Sundiata Gaines,0.07056860180396919,3641732.0
242,Chris Duhon,0.07042773611349991,20500000.0
243,Nicolas Batum,0.06940693171780152,50388181.0
244,Tony Mitchell,0.06904428117773263,3949446.0
245,Lester Hudson,0.06824644158084144,2441232.0
246,Ben McLemore,0.06347643885110774,18157680.0
247,Brian Scalabrine,0.06339167789309695,5126334.0
248,Erick Dampier,0.06326103612694042,3732639.0
249,Earl Barron,0.06250935131554167,3114811.5
250,Shaquille O'Neal,0.06122403407343815,8113086.0
251,Willie Warren,0.06067499111734254,4155488.0
252,Gary Harris,0.05914501110793579,9311040.0
253,Alan Williams,0.0584453773275492,500382.0
254,Tyshawn Taylor,0.058166734139679044,2841624.0
255,Julyan Stone,0.05756724438530713,4240184.0
256,Darrun Hilliard,0.05658544519618363,3600000.0
257,Bernard James,0.05646240452798548,2998724.0
258,Hedo Turkoglu,0.05623975647664163,41544360.0
259,Salah Mejri,0.05554659154593851,3150558.0
260,Mike Harris,0.05512824916473436,5126334.0
261,Bobby Simmons,0.05390472322779722,2645850.0
262,Toure' Murry,0.05331564827806572,1758708.0
263,Dion Waiters,0.05260626688912402,25231905.0
264,Marcus Morris Sr.,0.05201014386981983,16489369.2
265,Andre Roberson,0.05044854426725723,6334620.0
266,Ike Diogu,0.0488051118595535,4305342.0
267,Michael Kidd-Gilchrist,0.04874444501295262,31452066.0
268,David Andersen,0.046972979477719855,15740740.0
269,Jeff Adrien,0.04582544641037303,4165293.6
270,Theo Ratliff,0.045670881444137924,5126334.0
271,Kyle O'Quinn,0.04483400766181463,9364480.5
272,Joey Dorsey,0.044744608538307584,5432101.2
273,Cory Joseph,0.04422095512572551,14752345.2
274,Orlando Johnson,0.043196240646389515,1817166.0
275,Robin Lopez,0.042552786671168116,34308205.0
276,Othyus Jeffers,0.042537253871072635,239431.5
277,Devin Ebanks,0.04232378580978224,3707397.0
278,Wilson Chandler,0.04227596436361414,37129075.0
279,Ricky Ledo,0.041343958792354245,3078608.0
280,Jerome Jordan,0.04105100456198605,4104562.0
281,Norman Powell,0.04074934465423275,3900000.0
282,Marquis Daniels,0.03989148589681466,8193556.0
283,Jarell Martin,0.039493467260227545,7385040.0
284,Omri Casspi,0.03908796822724424,9573082.0
285,Sasha Kaun,0.03900154616023474,7656000.0
286,Josh Harrellson,0.038962836086327717,3551290.5
287,Kyrylo Fesenko,0.038743242819669434,4938198.0
288,Kim English,0.03733046698423098,2841624.0
289,Tornike Shengelia,0.037002744342758034,2841624.0
290,Cristiano Felicio,0.03562955798648883,3150558.0
291,Josh Selby,0.0348125425336782,3936585.0
292,Seth Curry,0.03456054314829808,2985912.0
293,T.J. Ford,0.0341978567925064,20417556.0
294,Rondae Hollis-Jefferson,0.03345330497718587,8012880.0
295,Jonas Valanciunas,0.032907374010812916,22859883.0
296,Charlie Villanueva,0.03283118927904469,33062519.0
297,Leandro Barbosa,0.03273551504873881,19380568.0
298,Anthony Bennett,0.03239800679962093,23670952.0
299,Jonathon Simmons,0.03239531574263141,3150558.0
300,Darius Songaila,0.03182711144311665,28908000.0
301,Jamaal Franklin,0.031437804005820795,4597516.0
302,Kyle Anderson,0.03109966232939637,6709680.0
303,Reggie Bullock,0.03088189559556013,7126740.0
304,Aaron Gordon,0.030329222702711787,24491160.0
305,Morris Almond,0.030082807206171007,454758.0
306,Tarik Black,0.029230339988308134,4057185.0
307,Solomon Alabi,0.028143093860849615,4660000.0
308,Andre Drummond,0.02529914432757502,15993256.5
309,Carlos Delfino,0.024648230095250776,19800000.0
310,Andrew Bynum,0.023886080930318566,69733500.0
311,John Lucas III,0.023471900533782765,5362482.0
312,Jared Sullinger,0.023046959186369398,9999630.0
313,Dexter Pittman,0.020660282328162822,4180376.0
314,Mario Hezonja,0.02051424332714097,22448880.0
315,Victor Oladipo,0.020279422539373985,29547360.0
316,Carlos Boozer,0.019954863858711654,74101200.0
317,Lamar Patterson,0.019874942781342803,3150558.0
318,Greg Smith,0.01957964849304433,3299350.5
319,Cameron Payne,0.019327750985321978,12129120.0
320,RJ Hunter,0.01874555601687818,6891840.0
321,Gilbert Arenas,0.018301130766925598,36508704.0
322,Derrick Byars,0.01780643711956149,3935931.0
323,Devyn Marble,0.017580000779107704,5189814.0
324,Alex Len,0.016611052195091004,21899520.0
325,Andrew Goudelock,0.01612971772239648,2022612.0
326,Jeff Foote,0.015659964821684563,229164.0
327,Furkan Aldemir,0.015147205522978593,17400000.0
328,Shavlik Randolph,0.013704021766413886,4419458.4
329,Jordan McRae,0.013580161144646849,667176.0
330,Travis Wear,0.013566241285839806,3044016.0
331,James White,0.012762464900026636,5010766.0
332,Jason Kapono,0.009166865241541679,16700436.0
333,Mustafa Shakur,0.009139486462928607,1356972.0
334,Mikki Moore,0.00843808246601398,1954166.0
335,Ryan Reid,0.008186380374776207,2850000.0
336,Jabari Brown,0.007338971564070073,2714235.0
337,Jannero Pargo,0.00732490746167688,4233756.0
338,Bryce Dejean-Jones,0.00660128075956915,1019298.0
339,Armon Johnson,0.0063900091418122255,1365184.0
340,Francisco Elson,0.005876450514242456,5126334.0
341,Ryan Gomes,0.003272330470016628,24000000.0
342,Taj Gibson,0.0026477087887838793,33779090.0
343,Carldell Johnson,0.0017905355568777056,2841624.0
344,Nolan Smith,0.0016611438066099049,8194320.0
345,Casper Ware,0.001265243972661866,4898892.0
346,Gustavo Ayon,0.000478668458318744,9135000.0
347,Etan Thomas,0.0,5126334.0
348,Carrick Felix,0.0,3979446.0
349,Pape Sy,0.0,4102696.0
350,Jordan Mickey,0.0,7025760.0
351,Bryce Cotton,0.0,2380248.0
352,Darington Hobson,0.0,3995988.0
353,Jack Cooley,0.0,2714235.0
354,Travis Leslie,0.0,3786585.0
355,Edy Tavares,0.0,6000000.0
356,Vernon Macklin,0.0,2841624.0
357,Doron Lamb,-0.00038461879352851653,5112345.0
358,Luke Babbitt,-0.0017772696349693934,7899681.0
359,Anthony Carter,-0.005031964879388378,5126334.0
360,Joe Smith,-0.005679501064136487,5126334.0
361,Zabian Dowdell,-0.006820085201381341,3528800.0
362,Aaron Harrison,-0.007246180576981987,3150558.0
363,Brandon Knight,-0.007822995815693134,30107804.4
364,Von Wafer,-0.00849595011499722,5986814.0
365,Josh Powell,-0.00976213170081979,4664893.2
366,Sasha Pavlovic,-0.009850387385831159,4596372.0
367,Tyler Zeller,-0.009893742107764251,11275942.5
368,Noah Vonleh,-0.01052455028068095,15485760.0
369,Cory Higgins,-0.011635374479978514,3707397.0
370,Chris Andersen,-0.012288742645146958,22221215.0
371,Delon Wright,-0.01255877787198452,9056160.0
372,Zoran Dragic,-0.012890740001607472,10237350.0
373,Larry Hughes,-0.012902822385129428,5126334.0
374,Rudy Fernandez,-0.013794181547190493,11215132.0
375,Antonio McDyess,-0.014150123642802326,30600000.0
376,Keith Bogans,-0.014314025860089348,17431684.8
377,Chris Wilcox,-0.01514529933101143,13708778.0
378,Josh Davis,-0.01630347877956844,5126334.0
379,Timofey Mozgov,-0.016439432160469277,24051421.0
380,Derrick Caracter,-0.016716810577203735,3995988.0
381,Maalik Wayns,-0.016936938233243902,4733232.0
382,T.J. Warren,-0.017717582320547348,11982600.0
383,Gal Mekel,-0.01776711595085641,3372462.0
384,Aaron Brooks,-0.018456972922216142,10482920.0
385,Rasheed Wallace,-0.018569112292824194,26998058.0
386,Dorell Wright,-0.018759120718100784,21142800.0
387,Shayne Whittington,-0.019043077961518617,4057185.0
388,Fab Melo,-0.019190216090623453,7528320.0
389,Ime Udoka,-0.019733856152767387,4251840.0
390,Mychel Thompson,-0.019930589071101686,3707397.0
391,Jermaine Taylor,-0.02025201890114071,4685226.0
392,Jamaal Magloire,-0.020510806619444315,5126334.0
393,Charlie Bell,-0.020767174427356965,25295264.0
394,Darius Miller,-0.021011461639155668,4355438.0
395,Richaun Holmes,-0.021093184055335737,6445014.0
396,Miroslav Raduljica,-0.02117581604575634,9000000.0
397,Sean Kilpatrick,-0.021324066155436645,805290.0
398,Delonte West,-0.021680193994103633,5126334.0
399,Craig Brackins,-0.022060061129128613,8233680.0
400,Caron Butler,-0.025650027430943557,32755636.0
401,Tyler Hansbrough,-0.027786882338538047,14648410.0
402,Justin Harper,-0.027847172931151805,3707397.0
403,Rodney Carney,-0.029927525326444885,5126334.0
404,Ben Hansbrough,-0.030870924700487974,2841624.0
405,Shelvin Mack,-0.03093227633388403,7593220.8
406,Nemanja Nedovic,-0.031120207765062857,6482880.0
407,Glen Davis,-0.03260021177558661,24922870.5
408,Matt Barnes,-0.03331479958184786,17109950.0
409,Kristaps Porzingis,-0.034315482734565014,24790320.0
410,Ersan Ilyasova,-0.03463983461469338,36461500.0
411,Bruno Caboclo,-0.03527091746987731,8947080.0
412,Josh Richardson,-0.035837813923255316,3150558.0
413,Trevor Booker,-0.03662993396012441,16976120.0
414,Giannis Antetokounmpo,-0.03693595363285661,11239440.0
415,Allen Crabbe,-0.03696698291646344,5268552.0
416,Courtney Fortson,-0.0377795506896716,2756370.0
417,DeAndre Liggins,-0.03869666563558032,4073691.0
418,Jeremy Tyler,-0.03888047133871262,4375413.0
419,Royal Ivey,-0.038945600851952464,6508778.0
420,Jared Cunningham,-0.03972616907252718,4597864.5
421,Jan Vesely,-0.03973032188007432,19493760.0
422,Gordon Hayward,-0.04067148721761269,41383513.0
423,Kevin Murphy,-0.04110754030914711,2841624.0
424,Nando De Colo,-0.04175866608687583,8589000.0
425,Joey Graham,-0.041801300546748486,6413124.0
426,Greg Oden,-0.04306341798144873,15967225.5
427,Fabricio Oberto,-0.04334061673809906,5126334.0
428,Jason Smith,-0.0435232078075478,17265913.0
429,Trey Lyles,-0.04494425425972915,13438800.0
430,Chris Douglas-Roberts,-0.04496644134776218,4641162.0
431,Steven Adams,-0.04532085695009182,13109760.0
432,Matt Carroll,-0.04576801914583973,23400000.0
433,Maurice Harkless,-0.04613288529861575,12602368.5
434,Pooh Jeter,-0.04787620890144961,2841624.0
435,Andris Biedrins,-0.04850739401188362,54000000.0
436,Al Thornton,-0.04855980028928786,1266504.0
437,Cameron Bairstow,-0.048565059601241585,4057185.0
438,Stephen Jackson,-0.04887827062867991,39145500.0
439,Yao Ming,-0.04898373904412522,106116600.0
440,Tony Battie,-0.04910975475565627,5126334.0
441,Trey Thompkins,-0.050920333361152266,3891585.0
442,Sergey Karasev,-0.05125824933526109,9203040.0
443,Mickael Gelabale,-0.051327370540839246,2080686.0
444,Kyrie Irving,-0.051570328411156434,47526613.2
445,Jerryd Bayless,-0.05259881981449675,17469880.0
446,Kirk Hinrich,-0.05482819864536384,30804940.0
447,Brian Cardinal,-0.05497183378310685,5126334.0
448,Jorge Gutierrez,-0.056286488422695985,680592.0
449,Dionte Christmas,-0.057313801746720995,3560532.0
450,Gerald Wallace,-0.05753533559846938,60000000.0
451,Jordan Hamilton,-0.05886244939397105,5494718.4
452,Jarell Eddie,-0.06058481748397824,3370296.0
453,Lorenzo Brown,-0.060770908690742295,1184433.0
454,Markel Brown,-0.06085102886309777,4057185.0
455,Marcus Thornton,-0.06115157013938276,32637795.0
456,Karl-Anthony Towns,-0.06212209936771264,34221600.0
457,Chris Wright,-0.06216822813653532,2279509.2
458,Damjan Rudez,-0.0633165001794561,6748500.0
459,James Ennis III,-0.06398750586039047,4057185.0
460,Acie Law,-0.06545150616398543,3799518.0
461,Ian Clark,-0.0659398315546016,4507876.0
462,Metta World Peace,-0.06785893389712795,32681604.0
463,Mike Scott,-0.06800638101626892,11893713.0
464,Festus Ezeli,-0.06877899386192705,7814262.0
465,Juwan Howard,-0.07058673567542197,3688950.0
466,Mario West,-0.07107231470303235,120618.0
467,Diante Garrett,-0.07212113526336338,4216226.0
468,Malcolm Lee,-0.07309951345488791,4189904.0
469,Greivis Vasquez,-0.07455835344087264,18490988.0
470,Erick Green,-0.07467015060404769,1820262.0
471,Steve Nash,-0.07476744877940099,60362400.0
472,Thomas Robinson,-0.07560606792678964,17341182.0
473,Tony Snell,-0.07579710719521011,8739540.0
474,Sean Marks,-0.07665418753662888,4794630.0
475,Terry Rozier,-0.07671626778093506,10946160.0
476,Ognjen Kuzmic,-0.07701370008681695,3919986.0
477,Jordan Farmar,-0.07717690801524174,17953551.6
478,Cody Zeller,-0.07903974409724403,23923260.0
479,Terrence Williams,-0.0798800088078867,5428256.0
480,Justise Winslow,-0.08039926347515565,14890320.0
481,Malcolm Thomas,-0.08245455304811475,4444706.0
482,Randy Foye,-0.08366666930365774,20135000.0
483,Hassan Whiteside,-0.08585309938683079,5028532.8
484,Mickell Gladness,-0.08622240450997064,2699079.0
485,Shelden Williams,-0.08686014946139659,5126334.0
486,Peyton Siva,-0.08749075496700448,3919986.0
487,Mitch McGary,-0.08773025113146389,8589240.0
488,Mehmet Okur,-0.08775009443671232,63450000.0
489,Larry Owens,-0.08926096170557808,133722.0
490,Tim Frazier,-0.08995324484820214,2714235.0
491,J.J. Barea,-0.0902400872637528,20495359.0
492,Eduardo Najera,-0.09128165225640981,17000000.0
493,Monta Ellis,-0.09183743828801584,59660000.0
494,Damion James,-0.09234676672304346,3805806.0
495,Eddy Curry,-0.09424100339245613,26478740.0
496,Bradley Beal,-0.09454709563186868,28257771.0
497,Dewayne Dedmon,-0.09464806646523274,4127516.0
498,Ryan Kelly,-0.09472217261238713,7728860.0
499,Joel Przybilla,-0.09499764678046038,18000326.0
500,Darren Collison,-0.09716124931477874,16428223.0
501,Justin Anderson,-0.09803433028019526,8694000.0
502,Johan Petro,-0.09940151185195498,20000000.0
503,Joe Young,-0.10090750674832147,6042156.0
504,Elliot Williams,-0.10102831395637142,5101423.0
505,Mike Miller,-0.10256090728320227,21163569.0
506,Darryl Watkins,-0.10387884848867303,3343810.0
507,Reggie Evans,-0.10404038545016661,13225552.8
508,DeJuan Blair,-0.10522626939100123,7910293.0
509,Dan Gadzuric,-0.10767927281695613,16344214.0
510,Jerome Dyson,-0.10778952336321403,2481375.0
511,Joel Freeland,-0.1079841849160322,17850000.0
512,Lucas Nogueira,-0.10857697297902957,10814040.0
513,Harrison Barnes,-0.10897134338085744,18967917.0
514,Tristan Thompson,-0.10933394281406673,37298568.0
515,Myles Turner,-0.10985288887332172,14146560.0
516,Hasheem Thabeet,-0.10989113310456709,16285200.0
517,Eric Bledsoe,-0.11020858694387844,34834307.0
518,Linas Kleiza,-0.1148749997437169,28390000.0
519,Richard Hamilton,-0.1151796348585035,45000000.0
520,Beno Udrih,-0.11523819153821234,25907758.0
521,Charles Jenkins,-0.11622548486767595,3707397.0
522,Trevor Ariza,-0.11690126383213599,45339639.0
523,Alexey Shved,-0.11779176870163874,18733332.0
524,Marcin Gortat,-0.11841456560244391,50688013.0
525,Larry Nance Jr.,-0.11971617923175791,6933600.0
526,Drew Gooden,-0.12086614920656184,22945860.0
527,Earl Boykins,-0.122099146836143,2590726.0
528,Daniel Orton,-0.1225292537677634,6100118.0
529,Jason Thompson,-0.12296183774380214,22355711.0
530,Jason Richardson,-0.1258775623823787,39391719.0
531,DeSagana Diop,-0.12777947489413635,40212000.0
532,Trey Burke,-0.12820960325586805,15291120.0
533,Jawad Williams,-0.13128734725636967,6176334.0
534,Tyus Jones,-0.13147555271368971,7692480.0
535,Joe Harris,-0.13165790662134055,5189814.0
536,JaJuan Johnson,-0.13455097982140288,6394680.0
537,Jared Dudley,-0.13491878772884328,23526068.0
538,Kyle Singler,-0.13569896847678314,11452500.0
539,Andrei Kirilenko,-0.1357763350670332,62321500.8
540,James Michael McAdoo,-0.13737308299002948,3036543.0
541,Josh Childress,-0.14412037238881448,27708778.0
542,Glenn Robinson III,-0.1445520784274415,4822008.0
543,Ronny Turiaf,-0.14523105704742648,10978692.0
544,Troy Daniels,-0.14539155414480687,3844692.0
545,Lance Stephenson,-0.147024351215319,21435000.0
546,Will Barton,-0.14707223445374118,8681172.0
547,Jarvis Varnado,-0.14732953205017874,3751622.0
548,P.J. Tucker,-0.14781214931212272,19452879.0
549,Ben Uzoh,-0.14838207080477217,1709400.0
550,Baron Davis,-0.14858924504317797,31417556.0
551,Emeka Okafor,-0.1501776064221698,79668750.0
552,Jeremy Evans,-0.15079422256848404,7586401.0
553,Leon Powe,-0.15294068948145145,1206198.0
554,Lazar Hayward,-0.15368413663198188,5322536.0
555,Kwame Brown,-0.1551956886776064,20846866.0
556,Spencer Dinwiddie,-0.15664757671989668,4635177.0
557,DaJuan Summers,-0.15707285979496408,3378952.0
558,Justin Hamilton,-0.1583032371716646,2743554.0
559,Danny Granger,-0.15869392548485572,40544860.0
560,Yi Jianlian,-0.16048259508979396,11187822.0
561,Hilton Armstrong,-0.1613136160019711,5272623.0
562,Shabazz Napier,-0.1615316585363323,7599240.0
563,Jerian Grant,-0.165929278946938,9434160.0
564,Kelly Oubre Jr.,-0.1667573830613863,11521440.0
565,Dominique Jones,-0.16683953111377334,7159920.0
566,Alec Burks,-0.16688064965746094,22706592.0
567,Courtney Lee,-0.1674377660497106,24927733.0
568,Lavoy Allen,-0.16765700237488418,13798616.4
569,Dahntay Jones,-0.16872167400150997,12731448.0
570,Michael Redd,-0.1689161642186203,39907312.0
571,Joffrey Lauvergne,-0.17052798288521887,10500000.0
572,John Wall,-0.1710778878483048,56192160.0
573,Mike Muscala,-0.171313098338049,3804324.0
574,Luke Harangody,-0.17704753270444248,4580376.0
575,Semih Erden,-0.17788527254955333,3995988.0
576,Craig Smith,-0.17919167119047663,8017556.0
577,Christian Eyenga,-0.1816622186298843,6585120.0
578,Jon Leuer,-0.18173367229169637,4965958.8
579,Sam Young,-0.18441927231142305,4945630.0
580,Anthony Davis,-0.18751474654923966,34797015.0
581,DeShawn Stevenson,-0.18819188936677822,17784472.0
582,Willie Reed,-0.18906686053484406,5683656.0
583,Marcus Camby,-0.19430498362944137,55134840.0
584,Lance Thomas,-0.19514953260864326,4662558.0
585,Channing Frye,-0.19725155122571195,40772117.0
586,Damien Wilkins,-0.19931472439852543,4707798.0
587,James Posey,-0.20114105307873456,44680000.0
588,Anthony Brown,-0.20382054610267425,4200000.0
589,Darko Milicic,-0.2069972565506544,19911778.0
590,Archie Goodwin,-0.20780001861442576,6673680.0
591,Devin Booker,-0.20826776124130814,12767040.0
592,Gary Forbes,-0.20934350568200324,6947208.0
593,Al Horford,-0.20947647726839339,65943340.0
594,Bojan Bogdanovic,-0.2098687195296605,20110530.0
595,Andres Nocioni,-0.20988424907629802,40300000.0
596,Rashard Lewis,-0.20990964267742285,53309518.8
597,Justin Holiday,-0.21108521843889058,3622236.0
598,Travis Outlaw,-0.2126640937377189,22800000.0
599,Lou Amundson,-0.2153787489892174,7267902.0
600,Rudy Gay,-0.21619286434031326,94705791.0
601,Joe Ingles,-0.21646330406584754,7672008.0
602,Shannon Brown,-0.21652058281405984,12303457.2
603,Stephen Graham,-0.21868285573761526,6413124.0
604,Chris Singleton,-0.22095244159281494,9444720.0
605,Ben Wallace,-0.2214893797717195,13145600.0
606,Terrel Harris,-0.2234128957947929,1703274.0
607,James Johnson,-0.2234745874410988,12972222.0
608,Chase Budinger,-0.22363324700449108,12726572.0
609,Jeffery Taylor,-0.226904340626548,4985974.0
610,KJ McDaniels,-0.2302284849970175,11091390.0
611,James Jones,-0.23089423369637196,7508856.0
612,Aron Baynes,-0.2342014982724794,14408190.0
613,Xavier Henry,-0.23673499185239313,10177599.6
614,Luis Scola,-0.23684697026951,33152678.0
615,Zaza Pachulia,-0.23807588153848205,29850000.0
616,Johnny O'Bryant III,-0.24196150816081524,4335177.0
617,Victor Claver,-0.2435582496766636,8000000.0
618,Ian Mahinmi,-0.24364204458028227,17800972.0
619,Frank Kaminsky,-0.24552075763428363,15675120.0
620,Sasha Vujacic,-0.24696385138773883,26058922.5
621,Raja Bell,-0.2520061182391538,19920000.0
622,Luther Head,-0.25342096713423334,5126334.0
623,MarShon Brooks,-0.2544272672556505,6867970.0
624,Meyers Leonard,-0.25452219280167593,14613720.0
625,Jamario Moon,-0.25517458620488126,9288051.0
626,Dennis Schroder,-0.2559495692842591,9604560.0
627,Jermaine O'Neal,-0.25613332333485933,22268383.5
628,Brian Roberts,-0.2568882663953301,10274124.0
629,Darius Morris,-0.25741565466201644,3529080.0
630,Evan Turner,-0.2589318406646032,28572257.0
631,Dominic McGuire,-0.2592395798722933,2268750.0
632,Chris McCullough,-0.2594186989813563,6841440.0
633,JaKarr Sampson,-0.2619568066052624,2297475.0
634,Grant Hill,-0.2627924328828631,23430000.0
635,Robert Sacre,-0.26347237252027056,5211502.5
636,Tyrus Thomas,-0.2636564903152847,32956789.5
637,Elton Brand,-0.2646666365454265,50663944.8
638,DeMarcus Cousins,-0.26575639824510877,46651164.0
639,Jonas Jerebko,-0.26674143411981005,23762195.0
640,Solomon Jones,-0.2688380144238073,6169508.0
641,Greg Stiemsma,-0.2740708236075251,7521949.5
642,Tyler Johnson,-0.2832457378863014,3135027.0
643,Isaiah Canaan,-0.28461735233871066,4669266.0
644,Kevin Seraphin,-0.2857543113520577,15478400.0
645,Al Jefferson,-0.28809343081206046,82000000.0
646,Willie Cauley-Stein,-0.2908133662834829,20389680.0
647,Carl Landry,-0.2931117831101339,35000000.0
648,Stanley Johnson,-0.2941911418481255,17051760.0
649,Richard Jefferson,-0.2953920160212724,40754519.0
650,Solomon Hill,-0.2972493506005664,7816800.0
651,Robert Covington,-0.2982591239847738,4980360.0
652,Amar'e Stoudemire,-0.29866748930372006,77587160.0
653,Jeremy Pargo,-0.29896769128082834,3793581.0
654,James Anderson,-0.30570613745943387,6468147.0
655,Corey Maggette,-0.3142289112800726,61572414.0
656,Manny Harris,-0.3145508255805571,1955272.0
657,Will Bynum,-0.31732846443946416,18547501.2
658,Anderson Varejao,-0.3188225646594264,42380664.0
659,Josh Howard,-0.3221036230464102,11847952.0
660,Sonny Weems,-0.3231036188889885,8065750.5
661,Gorgui Dieng,-0.3231657660703596,8481120.0
662,Brandon Davies,-0.32339044591117644,3919986.0
663,Cole Aldrich,-0.3278045628989485,9758138.0
664,Earl Watson,-0.3281552913805298,9058023.0
665,Brandon Jennings,-0.343325074717555,32004333.0
666,O.J. Mayo,-0.346256973370775,38108837.0
667,Jonny Flynn,-0.35195107263211906,14922218.0
668,Quincy Acy,-0.3526500957959813,5025694.5
669,Austin Rivers,-0.35440953348078935,15192054.0
670,Willie Green,-0.3581565239496749,10893471.6
671,Roy Hibbert,-0.358162512759186,62717619.0
672,Julius Randle,-0.35855926375152813,18388800.0
673,Nemanja Bjelica,-0.3590739282352297,23700006.0
674,Kendall Marshall,-0.36012339643138885,8419717.5
675,Marreese Speights,-0.3603811806968008,19667715.0
676,Shawn Marion,-0.36056678174375917,40747622.4
677,Jason Maxiell,-0.36434214909733326,23872864.5
678,Austin Daye,-0.3666449817796207,8640418.0
679,Samardo Samuels,-0.36961072547311036,4233168.0
680,Bismack Biyombo,-0.36964487774799193,18702333.6
681,Reggie Williams,-0.3699005740502019,7188022.5
682,Jarrett Jack,-0.37021841705827285,33900000.0
683,Al-Farouq Aminu,-0.3732773941111728,21040261.0
684,Bobby Portis,-0.3734747257751981,8346960.0
685,Tim Hardaway Jr.,-0.3810696511814485,7503840.0
686,Luke Ridnour,-0.3822723952947082,21600000.0
687,Mo Williams,-0.3851832896967105,35017074.0
688,Thaddeus Young,-0.3871828878571279,48726325.0
689,Nick Young,-0.39227439672239306,23246891.0
690,Earl Clark,-0.39287848964072974,8489088.0
691,Antawn Jamison,-0.3949366460377984,85306860.0
692,Nik Stauskas,-0.39862086902135624,16845840.0
693,Udonis Haslem,-0.4007466030125586,21826940.0
694,Greg Monroe,-0.4021283728985747,34997528.0
695,Goran Dragic,-0.41065599210585335,41363000.0
696,Jordan Clarkson,-0.4154626666031405,4057185.0
697,Kris Humphries,-0.42060821549110095,40450000.0
698,Martell Webster,-0.4206262062138476,31351250.0
699,Kevin Martin,-0.4362417905747147,48052620.0
700,Michael Beasley,-0.4373356662489801,21271864.8
701,Spencer Hawes,-0.4437979922540974,31440378.0
702,Anthony Parker,-0.44389139724346494,14711538.0
703,Shane Larkin,-0.44458025140142826,9286080.0
704,Wesley Johnson,-0.44998621041698067,14918378.0
705,Kent Bazemore,-0.45228650950325083,7893714.0
706,Michael Carter-Williams,-0.469968051708864,13800000.0
707,Shaun Livingston,-0.4703735432209608,19506994.0
708,Shabazz Muhammad,-0.48215175470114113,11832000.0
709,Hakim Warrick,-0.4829206684776367,24500000.0
710,Maurice Evans,-0.48408414823311857,8417556.0
711,Tyreke Evans,-0.4862838600184128,48179819.0
712,D'Angelo Russell,-0.4906530644613749,30618720.0
713,Luc Mbah a Moute,-0.49280415722716364,20566817.0
714,Josh McRoberts,-0.5013160124835437,20863014.0
715,Tayshaun Prince,-0.5104384000998642,40096036.0
716,Derrick Williams,-0.5121861512507326,29713108.8
717,Jerami Grant,-0.5290000505841388,5189814.0
718,Adreian Payne,-0.5298632587568798,11382480.0
719,Andrea Bargnani,-0.5333418101631086,53225397.0
720,Andray Blatche,-0.5344581791419217,21864342.0
721,Nerlens Noel,-0.5355160051212076,19890480.0
722,T.J. McConnell,-0.5457330297835946,3150558.0
723,Jodie Meeks,-0.5516004353621167,16986584.0
724,Nikola Vucevic,-0.5586312825173194,23169336.0
725,Wayne Ellington,-0.5645221182428868,9383125.0
726,Donald Sloan,-0.5690310801263418,3475217.0
727,John Henson,-0.5698007987002427,12988771.5
728,Derrick Favors,-0.5710520271625535,44598116.0
729,Zach LaVine,-0.5743216617020875,12612600.0
730,Andrew Wiggins,-0.5749409511278767,33807960.0
731,Gary Neal,-0.5762242081986078,10872778.0
732,Jordan Hill,-0.5775535541099222,25588880.0
733,Eric Gordon,-0.5848148666447489,65213427.0
734,Kemba Walker,-0.5864465824494144,27318157.2
735,Brendan Haywood,-0.5913375253974186,31360668.0
736,Jeff Green,-0.5940553617126952,44846976.0
737,Ben Gordon,-0.5959045921474617,60150000.0
738,Chris Kaman,-0.6135765072197245,46829000.0
739,Jahlil Okafor,-0.6174775491045084,27496080.0
740,Aaron Gray,-0.6220595066577527,12027240.0
741,Derrick Brown,-0.6414201911093029,4941946.0
742,Henry Sims,-0.6559806859672975,4018875.0
743,Tony Wroten,-0.65621683473499,5471469.0
744,Byron Mullens,-0.6647976272155529,6880614.0
745,Sebastian Telfair,-0.6799587929689568,10125364.5
746,Doug McDermott,-0.6931176071751464,13975200.0
747,E'Twaun Moore,-0.6978828927784082,5046928.8
748,Rajon Rondo,-0.7191172651275328,64500000.0
749,Gerald Henderson,-0.7497369310391664,26825328.0
750,Ramon Sessions,-0.7544462920279446,22469758.0
751,Dante Cunningham,-0.7569310080257449,10598238.0
752,Hollis Thompson,-0.7627728605902868,4066449.0
753,Daniel Gibson,-0.7735828845647547,26423000.0
754,D.J. Augustin,-0.8232137641445438,15926685.0
755,Marco Belinelli,-0.8252257015818616,19399230.0
756,JaVale McGee,-0.8272644771870827,37334404.0
757,Samuel Dalembert,-0.8520229106456756,35826245.0
758,Ed Davis,-0.8862354054927483,17448986.0
759,Jordan Crawford,-0.891792306212875,8285788.5
760,Jose Calderon,-0.9101988486970801,51900146.0
761,Brandon Bass,-1.04686019076413,30600000.0
762,Alonzo Gee,-1.2114289690157196,10480773.0
763,JJ Hickson,-1.437029291349485,18688245.0
